                  epoch,         train/box_loss,         train/cls_loss,         train/dfl_loss,   metrics/precision(B),      metrics/recall(B),       metrics/mAP50(B),    metrics/mAP50-95(B),           val/box_loss,           val/cls_loss,           val/dfl_loss,                 lr/pg0,                 lr/pg1,                 lr/pg2
                      1,                  3.359,                 3.8603,                0.93176,                0.00053,                0.00013,                  3e-05,                  1e-05,                    nan,                    nan,                    nan,             0.00066646,             0.00066646,             0.00066646
                      2,                 3.4011,                  2.834,                0.91947,                 0.0005,                 0.0001,                  5e-05,                  2e-05,                    nan,                    nan,                    nan,              0.0013067,              0.0013067,              0.0013067
                      3,                 3.3573,                 2.6577,                0.91577,                0.00016,                 0.0001,                  3e-05,                  1e-05,                    nan,                    nan,                    nan,              0.0019206,              0.0019206,              0.0019206
                      4,                 3.3154,                  2.592,                0.90798,                 0.0004,                0.00019,                  3e-05,                  1e-05,                    nan,                    nan,                    nan,              0.0018812,              0.0018812,              0.0018812
                      5,                 3.3026,                 2.5514,                0.90411,                0.00029,                0.00019,                  5e-05,                  2e-05,                    nan,                    nan,                    nan,              0.0018416,              0.0018416,              0.0018416
                      6,                 3.1959,                 2.4685,                0.89316,                0.00037,                0.00016,                  4e-05,                  2e-05,                    nan,                    nan,                    nan,               0.001802,               0.001802,               0.001802
                      7,                 3.1914,                 2.3987,                0.88671,                0.00078,                0.00025,                  6e-05,                  2e-05,                    nan,                    nan,                    nan,              0.0017624,              0.0017624,              0.0017624
                      8,                 3.1746,                 2.3832,                0.88475,                0.00059,                0.00029,                  4e-05,                  1e-05,                    nan,                    nan,                    nan,              0.0017228,              0.0017228,              0.0017228
                      9,                 3.1719,                 2.3776,                0.87706,                0.00063,                0.00022,                  3e-05,                  1e-05,                    nan,                    nan,                    nan,              0.0016832,              0.0016832,              0.0016832
                     10,                 3.1495,                   2.33,                0.87697,                0.00092,                0.00022,                  5e-05,                  2e-05,                    nan,                    nan,                    nan,              0.0016436,              0.0016436,              0.0016436
                     11,                 3.1303,                 2.3327,                0.87851,                0.00111,                0.00019,                  4e-05,                  2e-05,                    nan,                    nan,                    nan,               0.001604,               0.001604,               0.001604
                     12,                 3.1056,                 2.2981,                0.87798,                 0.0009,                0.00019,                  4e-05,                  2e-05,                    nan,                    nan,                    nan,              0.0015644,              0.0015644,              0.0015644
                     13,                 3.0851,                 2.3068,                0.87177,                0.00032,                0.00019,                  4e-05,                  1e-05,                    nan,                    nan,                    nan,              0.0015248,              0.0015248,              0.0015248
                     14,                 3.0829,                 2.2466,                0.86906,                0.00054,                0.00029,                  6e-05,                  3e-05,                    nan,                    nan,                    nan,              0.0014852,              0.0014852,              0.0014852
                     15,                 3.0391,                 2.2477,                0.86658,                0.00057,                0.00029,                  9e-05,                  4e-05,                    nan,                    nan,                    nan,              0.0014456,              0.0014456,              0.0014456
                     16,                 3.0642,                 2.2306,                0.87268,                0.00053,                0.00035,                  5e-05,                  3e-05,                    nan,                    nan,                    nan,               0.001406,               0.001406,               0.001406
                     17,                 3.0513,                 2.2081,                0.86679,                0.00061,                0.00025,                  3e-05,                  2e-05,                    nan,                    nan,                    nan,              0.0013664,              0.0013664,              0.0013664
                     18,                 3.0564,                 2.2031,                0.87696,                0.00057,                0.00032,                  3e-05,                  1e-05,                    nan,                    nan,                    nan,              0.0013268,              0.0013268,              0.0013268
                     19,                 3.0069,                 2.1953,                0.86485,                0.00063,                0.00022,                  4e-05,                  2e-05,                    nan,                    nan,                    nan,              0.0012872,              0.0012872,              0.0012872
                     20,                 3.0114,                 2.2128,                0.87294,                0.00044,                0.00025,                  4e-05,                  2e-05,                    nan,                    nan,                    nan,              0.0012476,              0.0012476,              0.0012476
                     21,                 3.0164,                 2.1707,                0.86577,                0.00036,                0.00025,                  4e-05,                  2e-05,                    nan,                    nan,                    nan,               0.001208,               0.001208,               0.001208
                     22,                 2.9723,                 2.1373,                0.86162,                0.00035,                0.00032,                  3e-05,                  2e-05,                    nan,                    nan,                    nan,              0.0011684,              0.0011684,              0.0011684
                     23,                 2.9877,                 2.1201,                 0.8646,                 0.0004,                0.00029,                  4e-05,                  2e-05,                    nan,                    nan,                    nan,              0.0011288,              0.0011288,              0.0011288
                     24,                 2.9969,                 2.1372,                0.86339,                 0.0007,                0.00029,                  5e-05,                  2e-05,                    nan,                    nan,                    nan,              0.0010892,              0.0010892,              0.0010892
                     25,                 2.9595,                 2.1241,                0.86091,                0.00054,                0.00032,                  5e-05,                  2e-05,                    nan,                    nan,                    nan,              0.0010496,              0.0010496,              0.0010496
                     26,                 2.9827,                 2.1061,                0.86172,                 0.0004,                0.00022,                  4e-05,                  2e-05,                    nan,                    nan,                    nan,                0.00101,                0.00101,                0.00101
                     27,                 2.9419,                 2.0914,                0.85917,                0.00054,                0.00022,                  4e-05,                  2e-05,                    nan,                    nan,                    nan,              0.0009704,              0.0009704,              0.0009704
                     28,                 2.9362,                 2.0861,                0.86203,                0.00069,                0.00032,                  5e-05,                  3e-05,                    nan,                    nan,                    nan,              0.0009308,              0.0009308,              0.0009308
                     29,                 2.9335,                 2.0761,                  0.851,                0.00052,                0.00038,                  4e-05,                  2e-05,                    nan,                    nan,                    nan,              0.0008912,              0.0008912,              0.0008912
                     30,                 2.9075,                 2.0526,                0.85698,                0.00043,                0.00029,                  4e-05,                  2e-05,                    nan,                    nan,                    nan,              0.0008516,              0.0008516,              0.0008516
                     31,                 2.8982,                 2.0553,                0.84853,                0.00041,                0.00032,                  5e-05,                  3e-05,                    nan,                    nan,                    nan,               0.000812,               0.000812,               0.000812
                     32,                 2.9197,                 2.0487,                0.85968,                0.00064,                0.00025,                  5e-05,                  2e-05,                    nan,                    nan,                    nan,              0.0007724,              0.0007724,              0.0007724
                     33,                  2.898,                 2.0528,                0.85569,                0.00049,                0.00035,                  5e-05,                  2e-05,                    nan,                    nan,                    nan,              0.0007328,              0.0007328,              0.0007328
                     34,                 2.8947,                 2.0503,                0.85593,                0.00047,                0.00035,                  4e-05,                  2e-05,                    nan,                    nan,                    nan,              0.0006932,              0.0006932,              0.0006932
                     35,                 2.8887,                 2.0206,                0.85894,                0.00039,                0.00038,                  4e-05,                  2e-05,                    nan,                    nan,                    nan,              0.0006536,              0.0006536,              0.0006536
                     36,                 2.8614,                 2.0153,                0.84962,                0.00043,                0.00035,                  4e-05,                  2e-05,                    nan,                    nan,                    nan,               0.000614,               0.000614,               0.000614
                     37,                  2.874,                 2.0107,                0.85523,                0.00041,                0.00035,                  4e-05,                  2e-05,                    nan,                    nan,                    nan,              0.0005744,              0.0005744,              0.0005744
                     38,                 2.8355,                 1.9919,                0.84006,                0.00044,                0.00035,                  4e-05,                  2e-05,                    nan,                    nan,                    nan,              0.0005348,              0.0005348,              0.0005348
                     39,                 2.8479,                 1.9733,                0.85014,                0.00044,                0.00035,                  4e-05,                  2e-05,                    nan,                    nan,                    nan,              0.0004952,              0.0004952,              0.0004952
                     40,                 2.8631,                 1.9889,                0.85248,                0.00072,                0.00029,                  5e-05,                  3e-05,                    nan,                    nan,                    nan,              0.0004556,              0.0004556,              0.0004556
                     41,                  2.413,                  1.693,                0.71576,                0.00064,                0.00032,                  5e-05,                  2e-05,                    nan,                    nan,                    nan,               0.000416,               0.000416,               0.000416
                     42,                 2.3857,                 1.6585,                0.70587,                0.00047,                0.00032,                  5e-05,                  2e-05,                    nan,                    nan,                    nan,              0.0003764,              0.0003764,              0.0003764
                     43,                 2.3765,                 1.6407,                0.70934,                0.00056,                0.00029,                  5e-05,                  2e-05,                    nan,                    nan,                    nan,              0.0003368,              0.0003368,              0.0003368
                     44,                 2.3915,                 1.6356,                0.71246,                0.00047,                0.00035,                  5e-05,                  2e-05,                    nan,                    nan,                    nan,              0.0002972,              0.0002972,              0.0002972
                     45,                 2.3699,                 1.6092,                  0.709,                0.00048,                0.00029,                  5e-05,                  2e-05,                    nan,                    nan,                    nan,              0.0002576,              0.0002576,              0.0002576
                     46,                 2.3815,                  1.631,                0.71844,                0.00059,                0.00029,                  5e-05,                  2e-05,                    nan,                    nan,                    nan,               0.000218,               0.000218,               0.000218
                     47,                 2.3723,                 1.6269,                0.70942,                0.00069,                0.00029,                  5e-05,                  3e-05,                    nan,                    nan,                    nan,              0.0001784,              0.0001784,              0.0001784
                     48,                 2.3681,                 1.6037,                0.71709,                0.00065,                0.00035,                  5e-05,                  2e-05,                    nan,                    nan,                    nan,              0.0001388,              0.0001388,              0.0001388
                     49,                 2.3668,                 1.6019,                0.70926,                0.00062,                0.00029,                  5e-05,                  3e-05,                    nan,                    nan,                    nan,               9.92e-05,               9.92e-05,               9.92e-05
                     50,                 2.3475,                 1.5989,                0.70904,                0.00059,                0.00029,                  5e-05,                  3e-05,                    nan,                    nan,                    nan,               5.96e-05,               5.96e-05,               5.96e-05
